{"type":"Topology","arcs":[[[3955,994],[-31,-33],[-175,-77]],[[3749,884],[-343,192],[-63,49],[-3,-5],[-55,45],[24,29],[-40,40],[-131,107],[-174,132]],[[2964,1473],[101,108]],[[3065,1581],[302,-242],[161,-128],[116,-61],[311,-156]],[[3749,884],[-113,-49]],[[3636,835],[-283,163],[-59,43],[-136,109],[-68,54]],[[3090,1204],[-41,34],[-173,141]],[[2876,1379],[88,94]],[[3636,835],[-224,-97]],[[3412,738],[-149,115],[-56,49],[-219,177],[102,125]],[[2792,943],[-109,-66],[26,-30],[-62,-36]],[[2647,811],[-35,-21],[-27,34],[-78,-48],[-29,11],[-20,33],[-41,42],[-15,11],[-18,32],[-28,8]],[[2356,913],[-100,0],[-47,-3]],[[2209,910],[2,71],[-19,-3],[-35,-18],[-20,8],[-18,23],[-15,35],[-19,10],[-25,-17],[-9,10],[20,36],[-23,31],[13,14],[-11,22],[-133,-2],[-70,-6]],[[1847,1124],[1,38],[244,17],[46,1],[211,17],[0,-60],[160,100],[8,7],[173,105],[81,-80]],[[2771,1269],[-103,-63],[112,-140],[-59,-33],[25,-28],[46,-62]],[[2478,337],[-213,-90]],[[2265,247],[-53,155],[-26,143],[-15,65],[-5,0],[-1,68],[2,94]],[[2167,772],[38,2],[4,50],[0,86]],[[2356,913],[5,-129],[12,1],[-12,-49],[8,-97],[17,-57],[92,-245]],[[2036,150],[-71,-30],[-21,-4],[-121,-37]],[[1823,79],[-85,316],[2,191],[4,124],[27,0],[1,71]],[[1772,781],[77,-3],[-1,23],[64,4],[1,-47],[74,4],[125,5],[55,5]],[[2265,247],[-229,-97]],[[1772,781],[1,73],[-7,1],[-3,68],[1,77],[3,61]],[[1767,1061],[79,-1],[1,64]],[[3412,738],[-130,-56]],[[3282,682],[-103,82],[-282,352],[-126,153]],[[2771,1269],[105,110]],[[3282,682],[-203,-88]],[[3079,594],[-70,88],[3,2],[-168,207],[-47,55],[-5,-3]],[[3079,594],[-197,-84]],[[2882,510],[-24,43],[-94,112],[-65,87],[-52,59]],[[2569,376],[-91,-39]],[[2882,510],[-313,-134]],[[1823,79],[-179,-58],[-68,-21],[-120,268],[-69,151],[-43,86],[-32,156],[-6,19]],[[1306,680],[0,30],[56,0],[24,6],[-1,74],[6,0],[-2,275]],[[1389,1065],[301,-4],[77,0]],[[1306,680],[-5,-3],[-74,-5],[-4,35],[-33,-4],[-27,-13],[0,-11],[-72,0],[-108,45],[-66,31],[-11,-25]],[[906,730],[-23,53],[-146,-56],[-45,122],[32,31],[26,13],[28,-6],[11,10],[71,22],[38,18],[19,20],[30,-13],[50,21],[9,16],[-25,14],[7,15],[32,-10],[31,71],[338,-6]],[[649,1876],[154,143],[417,392],[210,196],[93,91],[2,-1],[227,-82],[406,-144],[164,-59],[128,-48],[294,-101],[599,-212],[-58,-89],[-59,-102],[-71,-110],[-99,-161],[9,-8]],[[906,730],[-64,-146],[-4,10],[-345,-106],[-57,147],[-70,172],[-62,150],[-88,89],[-216,217],[187,171],[210,201],[197,190],[55,51]]],"transform":{"scale":[28.96576661857931,29.891117622561424],"translate":[8044661.327936858,1709814.77877735]},"objects":{"lcsd000a25a_e":{"type":"GeometryCollection","geometries":[{"arcs":[[0,1,2,3]],"type":"Polygon","properties":{"PRUID":"24","PRNAME":"Quebec / Québec","CDUID":"2405","CDNAME":"Bonaventure","CDTYPE":"MRC","CSDUID":"2405010","CSDNAME":"Shigawake","CSDTYPE":"MÉ"}},{"arcs":[[-2,4,5,6,7]],"type":"Polygon","properties":{"PRUID":"24","PRNAME":"Quebec / Québec","CDUID":"2405","CDNAME":"Bonaventure","CDTYPE":"MRC","CSDUID":"2405015","CSDNAME":"Saint-Godefroi","CSDTYPE":"CT"}},{"arcs":[[-6,8,9]],"type":"Polygon","properties":{"PRUID":"24","PRNAME":"Quebec / Québec","CDUID":"2405","CDNAME":"Bonaventure","CDTYPE":"MRC","CSDUID":"2405020","CSDNAME":"Hope Town","CSDTYPE":"MÉ"}},{"arcs":[[10,11,12,13,14,15]],"type":"Polygon","properties":{"PRUID":"24","PRNAME":"Quebec / Québec","CDUID":"2405","CDNAME":"Bonaventure","CDTYPE":"MRC","CSDUID":"2405050","CSDNAME":"Saint-Elzéar","CSDTYPE":"MÉ"}},{"arcs":[[16,17,18,-13,19]],"type":"Polygon","properties":{"PRUID":"24","PRNAME":"Quebec / Québec","CDUID":"2405","CDNAME":"Bonaventure","CDTYPE":"MRC","CSDUID":"2405055","CSDNAME":"Saint-Siméon","CSDTYPE":"PE"}},{"arcs":[[20,21,22,-18,23]],"type":"Polygon","properties":{"PRUID":"24","PRNAME":"Quebec / Québec","CDUID":"2405","CDNAME":"Bonaventure","CDTYPE":"MRC","CSDUID":"2405060","CSDNAME":"Caplan","CSDTYPE":"MÉ"}},{"arcs":[[-14,-19,-23,24,25]],"type":"Polygon","properties":{"PRUID":"24","PRNAME":"Quebec / Québec","CDUID":"2405","CDNAME":"Bonaventure","CDTYPE":"MRC","CSDUID":"2405065","CSDNAME":"Saint-Alphonse","CSDTYPE":"MÉ"}},{"arcs":[[-7,-10,26,27,28]],"type":"Polygon","properties":{"PRUID":"24","PRNAME":"Quebec / Québec","CDUID":"2405","CDNAME":"Bonaventure","CDTYPE":"MRC","CSDUID":"2405025","CSDNAME":"Hope","CSDTYPE":"CT"}},{"arcs":[[-16,-28,29,30]],"type":"Polygon","properties":{"PRUID":"24","PRNAME":"Quebec / Québec","CDUID":"2405","CDNAME":"Bonaventure","CDTYPE":"MRC","CSDUID":"2405032","CSDNAME":"Paspébiac","CSDTYPE":"V"}},{"arcs":[[-11,-31,31,32]],"type":"Polygon","properties":{"PRUID":"24","PRNAME":"Quebec / Québec","CDUID":"2405","CDNAME":"Bonaventure","CDTYPE":"MRC","CSDUID":"2405040","CSDNAME":"New Carlisle","CSDTYPE":"MÉ"}},{"arcs":[[33,-20,-12,-33,34]],"type":"Polygon","properties":{"PRUID":"24","PRNAME":"Quebec / Québec","CDUID":"2405","CDNAME":"Bonaventure","CDTYPE":"MRC","CSDUID":"2405045","CSDNAME":"Bonaventure","CSDTYPE":"V"}},{"arcs":[[35,36,37,-25,-22]],"type":"Polygon","properties":{"PRUID":"24","PRNAME":"Quebec / Québec","CDUID":"2405","CDNAME":"Bonaventure","CDTYPE":"MRC","CSDUID":"2405070","CSDNAME":"New Richmond","CSDTYPE":"V"}},{"arcs":[[-37,38,39]],"type":"Polygon","properties":{"PRUID":"24","PRNAME":"Quebec / Québec","CDUID":"2405","CDNAME":"Bonaventure","CDTYPE":"MRC","CSDUID":"2405077","CSDNAME":"Cascapédia—Saint-Jules","CSDTYPE":"MÉ"}},{"arcs":[[40,-3,-8,-29,-15,-26,-38,-40,41]],"type":"Polygon","properties":{"PRUID":"24","PRNAME":"Quebec / Québec","CDUID":"2405","CDNAME":"Bonaventure","CDTYPE":"MRC","CSDUID":"2405902","CSDNAME":"Rivière-Bonaventure","CSDTYPE":"NO"}}]}}}