{"type":"Topology","arcs":[[[2177,105],[-51,24],[11,21],[-14,7],[9,20],[-21,12],[7,19],[-16,8],[14,25],[-97,48],[42,75],[-38,26],[60,112]],[[2083,502],[3,-19],[27,-15],[-13,-83],[-11,-3],[-1,-32],[20,-16],[29,-3],[7,7],[145,-72]],[[2289,266],[58,-33],[44,25],[37,52],[30,24]],[[2458,334],[79,-39],[9,4],[42,-21]],[[2588,278],[-42,-26],[60,-30],[-21,-14],[54,-25],[111,-57],[-47,-28],[31,-16],[-116,-72],[-58,30],[-31,-16],[-51,28],[-96,-52],[-92,50],[-113,55]],[[2289,266],[26,33],[5,17],[-10,23],[-31,30],[12,25],[16,4]],[[2307,398],[23,9],[61,-28],[-4,-10],[71,-35]],[[2083,502],[6,12]],[[2089,514],[29,-5],[40,4],[-14,36],[31,19],[11,18],[84,-37],[-3,-6],[54,-25],[-23,-45],[18,-27],[-19,-42],[10,-6]],[[2089,514],[83,155]],[[2172,669],[349,-176],[63,-31],[-6,-12],[98,-48]],[[2676,402],[-45,-75],[19,-10],[-62,-39]],[[2172,669],[-164,83],[-184,92],[-260,126],[364,427]],[[1928,1397],[459,-338],[116,-86],[86,-63],[120,-89]],[[2709,821],[-50,-67],[162,-125],[-55,-69],[-18,8],[-54,-107],[39,-20],[-26,-50],[-31,11]],[[2794,760],[-13,9],[-15,-19],[-24,21],[1,25]],[[2743,796],[15,26],[45,-33],[-9,-29]],[[1928,1397],[-42,17]],[[1886,1414],[221,287],[227,284]],[[2334,1985],[317,-225],[274,-189],[-32,-39],[26,-30],[-3,-12],[62,20],[21,-58],[40,20],[0,29],[130,-56],[-12,-21],[46,-24]],[[3203,1400],[-47,-17],[4,-15],[36,-33],[-59,-76],[34,-22],[-125,-165]],[[3046,1072],[-59,42],[-138,-240],[107,-78]],[[2956,796],[-23,-41],[-29,-34],[9,-8],[-24,-29],[-95,76]],[[2743,796],[-34,25]],[[3046,1072],[49,-40],[90,-64],[36,-29]],[[3221,939],[-51,-64],[-101,-142],[-17,15],[-20,-2],[-76,50]],[[3203,1400],[44,80],[219,-141],[-11,-27],[-16,-85],[-2,-56],[-48,-65],[-43,-66],[-20,-17],[-17,-34],[-39,-48],[21,-24],[35,-30],[11,-23],[0,-12],[-116,87]],[[1886,1414],[-99,48],[-137,75],[-172,102],[-173,100],[-25,-28],[-9,21],[-26,1],[-40,-8],[-38,-1],[-70,8],[-51,15],[-34,3],[-28,8],[-47,21],[-47,16],[-14,22],[-62,7],[-24,-3],[-30,8],[-37,30],[-18,8],[-17,-26],[-22,-15],[-18,6],[-14,-8],[-31,14],[-53,-17],[2,-16],[-19,-46],[-16,-6],[8,-37],[-24,-32],[-37,-8],[-15,-53],[-21,12],[-19,31],[-19,-3],[-21,14],[-3,20],[27,37],[-1,37],[-9,20],[-17,12],[-25,0],[-21,10],[-44,40],[0,45],[-19,25],[11,45],[-40,22],[-19,-9],[-18,11],[-34,5],[-8,8],[11,31],[-19,23],[-16,-10],[-36,32],[-4,12],[-53,41],[-32,18],[273,521],[307,586],[185,-136],[548,-406],[668,-493],[199,-148],[80,-36],[74,-55]]],"transform":{"scale":[28.96576661857912,29.891117622561385],"translate":[7663095.284270316,1429047.510948631]},"objects":{"lcsd000a25a_e":{"type":"GeometryCollection","geometries":[{"arcs":[[0,1,2,3,4]],"type":"Polygon","properties":{"PRUID":"24","PRNAME":"Quebec / Québec","CDUID":"2422","CDNAME":"La Jacques-Cartier","CDTYPE":"MRC","CSDUID":"2422005","CSDNAME":"Sainte-Catherine-de-la-Jacques-Cartier","CSDTYPE":"V"}},{"arcs":[[-3,5,6]],"type":"Polygon","properties":{"PRUID":"24","PRNAME":"Quebec / Québec","CDUID":"2422","CDNAME":"La Jacques-Cartier","CDTYPE":"MRC","CSDUID":"2422010","CSDNAME":"Fossambault-sur-le-Lac","CSDTYPE":"V"}},{"arcs":[[7,8,-6,-2]],"type":"Polygon","properties":{"PRUID":"24","PRNAME":"Quebec / Québec","CDUID":"2422","CDNAME":"La Jacques-Cartier","CDTYPE":"MRC","CSDUID":"2422015","CSDNAME":"Lac-Saint-Joseph","CSDTYPE":"V"}},{"arcs":[[9,10,11,-4,-7,-9]],"type":"Polygon","properties":{"PRUID":"24","PRNAME":"Quebec / Québec","CDUID":"2422","CDNAME":"La Jacques-Cartier","CDTYPE":"MRC","CSDUID":"2422020","CSDNAME":"Shannon","CSDTYPE":"V"}},{"arcs":[[12,13,14,-11]],"type":"Polygon","properties":{"PRUID":"24","PRNAME":"Quebec / Québec","CDUID":"2422","CDNAME":"La Jacques-Cartier","CDTYPE":"MRC","CSDUID":"2422025","CSDNAME":"Saint-Gabriel-de-Valcartier","CSDTYPE":"MÉ"}},{"arcs":[[15,16]],"type":"Polygon","properties":{"PRUID":"24","PRNAME":"Quebec / Québec","CDUID":"2422","CDNAME":"La Jacques-Cartier","CDTYPE":"MRC","CSDUID":"2422030","CSDNAME":"Lac-Delage","CSDTYPE":"V"}},{"arcs":[[17,18,19,20,21,22,-17,23,-14]],"type":"Polygon","properties":{"PRUID":"24","PRNAME":"Quebec / Québec","CDUID":"2422","CDNAME":"La Jacques-Cartier","CDTYPE":"MRC","CSDUID":"2422035","CSDNAME":"Stoneham-et-Tewkesbury","CSDTYPE":"CU"}},{"arcs":[[-22,24,25]],"type":"Polygon","properties":{"PRUID":"24","PRNAME":"Quebec / Québec","CDUID":"2422","CDNAME":"La Jacques-Cartier","CDTYPE":"MRC","CSDUID":"2422040","CSDNAME":"Lac-Beauport","CSDTYPE":"MÉ"}},{"arcs":[[26,-25,-21]],"type":"Polygon","properties":{"PRUID":"24","PRNAME":"Quebec / Québec","CDUID":"2422","CDNAME":"La Jacques-Cartier","CDTYPE":"MRC","CSDUID":"2422045","CSDNAME":"Sainte-Brigitte-de-Laval","CSDTYPE":"V"}},{"arcs":[[27,-19]],"type":"Polygon","properties":{"PRUID":"24","PRNAME":"Quebec / Québec","CDUID":"2422","CDNAME":"La Jacques-Cartier","CDTYPE":"MRC","CSDUID":"2422902","CSDNAME":"Lac-Croche","CSDTYPE":"NO"}}]}}}