{"type":"Topology","arcs":[[[667,665],[-253,-68]],[[414,597],[-63,205]],[[351,802],[49,19],[-12,41],[64,-5],[44,10],[-38,110],[22,27],[-16,28],[-8,46],[5,10],[-5,41]],[[456,1129],[60,18],[60,15]],[[576,1162],[32,-139],[25,-80],[-50,-9],[53,-173],[31,-96]],[[351,802],[-25,83],[-75,239],[-6,24]],[[245,1148],[110,34]],[[355,1182],[40,13],[24,-78],[37,12]],[[245,1148],[-165,-52],[-15,48],[-17,37],[-29,83],[-19,76],[54,14],[119,45],[108,34]],[[281,1433],[17,-47],[7,-51],[33,-105],[17,-48]],[[765,1786],[37,-63],[6,-43],[18,-61],[48,12],[-5,22],[55,11],[72,-230],[19,-74]],[[1015,1360],[-156,-38],[-170,-46]],[[689,1276],[-58,-16]],[[631,1260],[-32,113],[-19,87],[-19,50]],[[561,1510],[-26,155],[-33,124],[99,26],[44,8],[22,-69],[98,32]],[[1367,405],[52,14],[11,-39],[97,33],[20,-58],[-152,-51],[-196,-60]],[[1199,244],[-19,56],[152,48],[-14,39],[49,18]],[[1547,1403],[39,-107]],[[1586,1296],[-53,-17],[-42,-19],[-111,-35]],[[1380,1225],[6,32],[-10,40],[2,29]],[[1378,1326],[56,20],[-15,44],[-14,14],[-73,-22],[13,-36]],[[1345,1346],[-40,-10],[-42,127]],[[1263,1463],[51,17],[112,34],[-33,93],[13,16],[-1,38],[8,58],[139,44],[14,-36],[31,10],[-11,-20],[7,-44],[-21,-12],[-4,-42],[-11,-7],[-10,-39],[-21,-46],[-18,-14],[39,-110]],[[1297,891],[-86,-28]],[[1211,863],[-10,-3]],[[1201,860],[-39,107],[-80,236],[-19,61],[31,32],[32,16],[42,7],[22,34],[0,55]],[[1190,1408],[-2,34],[75,21]],[[1345,1346],[11,-31],[22,11]],[[1380,1225],[11,-43],[15,-22],[5,-39],[-2,-42],[-12,-31],[-36,-13],[-28,-19]],[[1333,1016],[-28,-19],[-19,-28],[-34,-11],[13,-32],[22,-9],[10,-26]],[[1015,1360],[175,48]],[[1201,860],[-224,-69],[-138,-42],[-26,-5]],[[813,744],[3,44]],[[816,788],[16,54],[27,117],[4,51],[-79,-23],[-49,153],[-46,136]],[[1301,597],[66,-192]],[[1199,244],[-171,-57]],[[1028,187],[-46,42],[-9,45]],[[973,274],[11,52],[10,125],[13,46],[259,87],[35,13]],[[1211,863],[18,-58],[72,-208]],[[973,274],[-25,21],[-47,30],[-49,50],[-35,63],[-14,45],[-11,66],[-8,23],[-5,47],[1,26],[13,42]],[[793,687],[20,57]],[[210,542],[0,1],[204,54]],[[667,665],[38,10],[88,12]],[[1028,187],[-194,-64],[-151,-37],[-56,-17],[-163,-41],[-95,-28],[-44,152],[-31,101],[-37,130],[-47,159]],[[1384,916],[-87,-25]],[[1333,1016],[23,-19],[28,-81]],[[1686,1009],[-29,-9],[-197,-61],[-76,-23]],[[1586,1296],[100,-287]],[[813,744],[-84,-21],[-6,18],[21,6],[-4,20],[76,21]],[[576,1162],[38,5],[-25,81],[42,12]],[[281,1433],[141,42],[139,35]]],"transform":{"scale":[28.965766618579565,29.891117622561392],"translate":[7719839.221076112,1216551.5557698421]},"objects":{"lcsd000a25a_e":{"type":"GeometryCollection","geometries":[{"arcs":[[0,1,2,3,4]],"type":"Polygon","properties":{"PRUID":"24","PRNAME":"Quebec / Québec","CDUID":"2445","CDNAME":"Memphrémagog","CDTYPE":"MRC","CSDUID":"2445095","CSDNAME":"Bolton-Est","CSDTYPE":"MÉ"}},{"arcs":[[-3,5,6,7]],"type":"Polygon","properties":{"PRUID":"24","PRNAME":"Quebec / Québec","CDUID":"2445","CDNAME":"Memphrémagog","CDTYPE":"MRC","CSDUID":"2445100","CSDNAME":"Saint-Étienne-de-Bolton","CSDTYPE":"MÉ"}},{"arcs":[[-7,8,9]],"type":"Polygon","properties":{"PRUID":"24","PRNAME":"Quebec / Québec","CDUID":"2445","CDNAME":"Memphrémagog","CDTYPE":"MRC","CSDUID":"2445105","CSDNAME":"Stukely-Sud","CSDTYPE":"VL"}},{"arcs":[[10,11,12,13,14]],"type":"Polygon","properties":{"PRUID":"24","PRNAME":"Quebec / Québec","CDUID":"2445","CDNAME":"Memphrémagog","CDTYPE":"MRC","CSDUID":"2445115","CSDNAME":"Orford","CSDTYPE":"CT"}},{"arcs":[[15,16]],"type":"Polygon","properties":{"PRUID":"24","PRNAME":"Quebec / Québec","CDUID":"2445","CDNAME":"Memphrémagog","CDTYPE":"MRC","CSDUID":"2445008","CSDNAME":"Stanstead","CSDTYPE":"V"}},{"arcs":[[17,18,19,20,21,22]],"type":"Polygon","properties":{"PRUID":"24","PRNAME":"Quebec / Québec","CDUID":"2445","CDNAME":"Memphrémagog","CDTYPE":"MRC","CSDUID":"2445055","CSDNAME":"Hatley","CSDTYPE":"CT"}},{"arcs":[[23,24,25,26,-22,27,-20,28,29]],"type":"Polygon","properties":{"PRUID":"24","PRNAME":"Quebec / Québec","CDUID":"2445","CDNAME":"Memphrémagog","CDTYPE":"MRC","CSDUID":"2445060","CSDNAME":"Sainte-Catherine-de-Hatley","CSDTYPE":"MÉ"}},{"arcs":[[-12,30,-26,31,32,33]],"type":"Polygon","properties":{"PRUID":"24","PRNAME":"Quebec / Québec","CDUID":"2445","CDNAME":"Memphrémagog","CDTYPE":"MRC","CSDUID":"2445072","CSDNAME":"Magog","CSDTYPE":"V"}},{"arcs":[[34,-17,35,36,37]],"type":"Polygon","properties":{"PRUID":"24","PRNAME":"Quebec / Québec","CDUID":"2445","CDNAME":"Memphrémagog","CDTYPE":"MRC","CSDUID":"2445020","CSDNAME":"Ogden","CSDTYPE":"MÉ"}},{"arcs":[[38,-38,39,40,-32,-25]],"type":"Polygon","properties":{"PRUID":"24","PRNAME":"Quebec / Québec","CDUID":"2445","CDNAME":"Memphrémagog","CDTYPE":"MRC","CSDUID":"2445025","CSDNAME":"Stanstead","CSDTYPE":"CT"}},{"arcs":[[41,-1,42,-40,-37,43]],"type":"Polygon","properties":{"PRUID":"24","PRNAME":"Quebec / Québec","CDUID":"2445","CDNAME":"Memphrémagog","CDTYPE":"MRC","CSDUID":"2445030","CSDNAME":"Potton","CSDTYPE":"CT"}},{"arcs":[[44,-30,45]],"type":"Polygon","properties":{"PRUID":"24","PRNAME":"Quebec / Québec","CDUID":"2445","CDNAME":"Memphrémagog","CDTYPE":"MRC","CSDUID":"2445035","CSDNAME":"Ayer's Cliff","CSDTYPE":"VL"}},{"arcs":[[46,-46,-29,-19,47]],"type":"Polygon","properties":{"PRUID":"24","PRNAME":"Quebec / Québec","CDUID":"2445","CDNAME":"Memphrémagog","CDTYPE":"MRC","CSDUID":"2445043","CSDNAME":"Hatley","CSDTYPE":"MÉ"}},{"arcs":[[-21,-28]],"type":"Polygon","properties":{"PRUID":"24","PRNAME":"Quebec / Québec","CDUID":"2445","CDNAME":"Memphrémagog","CDTYPE":"MRC","CSDUID":"2445050","CSDNAME":"North Hatley","CSDTYPE":"VL"}},{"arcs":[[-33,48]],"type":"Polygon","properties":{"PRUID":"24","PRNAME":"Quebec / Québec","CDUID":"2445","CDNAME":"Memphrémagog","CDTYPE":"MRC","CSDUID":"2445080","CSDNAME":"Saint-Benoît-du-Lac","CSDTYPE":"MÉ"}},{"arcs":[[-5,49,-13,-34,-49,-41,-43]],"type":"Polygon","properties":{"PRUID":"24","PRNAME":"Quebec / Québec","CDUID":"2445","CDNAME":"Memphrémagog","CDTYPE":"MRC","CSDUID":"2445085","CSDNAME":"Austin","CSDTYPE":"MÉ"}},{"arcs":[[-4,-8,-10,50,-14,-50]],"type":"Polygon","properties":{"PRUID":"24","PRNAME":"Quebec / Québec","CDUID":"2445","CDNAME":"Memphrémagog","CDTYPE":"MRC","CSDUID":"2445093","CSDNAME":"Eastman","CSDTYPE":"MÉ"}}]}}}