{"type":"Topology","arcs":[[[1061,766],[-145,96],[-21,10],[-133,87]],[[762,959],[56,42],[67,42],[61,53],[33,41],[179,-120],[59,-40]],[[1217,977],[-156,-211]],[[440,509],[31,127],[48,54],[98,76],[117,163],[28,30]],[[1061,766],[-163,-232],[-75,-103],[-103,-134]],[[720,297],[-127,94],[-103,81],[-50,37]],[[26,78],[127,121],[64,26],[44,15],[58,47],[64,67],[20,10],[37,145]],[[720,297],[136,-98]],[[856,199],[-243,-52],[-156,-36],[-123,-32]],[[334,79],[1,25],[17,27],[0,36],[30,31],[1,17],[-20,16],[-34,-10],[-20,-20],[-18,-3],[-12,-30],[-45,-33],[-16,-2],[-35,-20],[-20,-3],[-22,-37],[-8,-31],[-45,-26]],[[88,16],[-14,-3]],[[74,13],[-29,12],[-21,-25]],[[24,0],[-24,12],[14,45],[12,21]],[[424,320],[-17,-9],[3,-30],[38,34],[-24,5]],[[126,146],[-52,-41],[-32,-30],[-20,-10],[-8,-19],[63,6],[17,19],[7,34],[25,41]],[[158,112],[-36,-20],[-16,-30],[6,-22],[18,5],[8,29],[20,38]],[[334,79],[-36,-8],[-210,-55]],[[74,13],[-50,-13]],[[2161,597],[-32,107],[-14,-3],[101,89]],[[2216,790],[76,69],[232,206]],[[2524,1065],[26,-80],[-10,-3],[29,-94],[-21,-6],[40,-131],[6,-27],[-139,-39],[-294,-88]],[[2161,597],[-326,-109]],[[1835,488],[-35,93],[-18,36],[-30,19]],[[1752,636],[121,189],[7,-4],[63,80],[21,-12],[46,67]],[[2010,956],[9,-5]],[[2019,951],[62,-35],[40,65],[37,-18],[-16,-24],[36,-24],[19,4],[60,-38],[-53,-84],[12,-7]],[[2232,1292],[20,-14],[57,-32],[5,7],[130,-68],[-14,-26],[121,-67],[-27,-27]],[[2019,951],[135,222],[26,37],[29,47]],[[2209,1257],[23,35]],[[1973,1292],[26,-27],[-16,-11],[-7,22],[-39,22],[9,9],[27,-15]],[[2120,1354],[35,-19],[-23,-37],[77,-41]],[[2010,956],[-159,91],[-109,65]],[[1742,1112],[24,35],[-3,20],[28,48],[20,50],[18,33],[32,11],[6,16],[26,14],[12,22],[22,22],[40,-22],[12,38],[33,-15],[-6,-11],[59,-31],[20,33],[35,-21]],[[1550,1028],[6,-4],[108,134],[78,-46]],[[1752,636],[-326,205]],[[1426,841],[-127,81]],[[1299,922],[251,106]],[[1835,488],[-252,-85],[-124,-42],[-63,-20]],[[1396,341],[-13,22],[-33,23],[-1,14],[-36,51],[-13,-3],[-40,10],[-7,25],[1,43],[-17,15],[-18,53],[-2,23]],[[1217,617],[11,15]],[[1228,632],[11,32],[13,17],[-14,9]],[[1238,690],[48,35],[31,-9],[32,10],[16,12],[44,52],[1,35],[16,16]],[[1396,341],[-287,-74],[-195,-56]],[[914,211],[33,42],[-5,20],[18,23],[10,36],[-30,21],[25,34],[95,85],[1,12],[65,28],[10,17],[30,1],[6,29],[45,43],[0,15]],[[1228,632],[-53,32],[40,42],[23,-16]],[[1217,977],[82,-55]],[[914,211],[-58,-12]]],"transform":{"scale":[28.965766618579035,29.89111762256125],"translate":[7562786.834470177,1166065.458105336]},"objects":{"lcsd000a25a_e":{"type":"GeometryCollection","geometries":[{"arcs":[[0,1,2]],"type":"Polygon","properties":{"PRUID":"24","PRNAME":"Quebec / Québec","CDUID":"2469","CDNAME":"Le Haut-Saint-Laurent","CDTYPE":"MRC","CSDUID":"2469065","CSDNAME":"Sainte-Barbe","CSDTYPE":"MÉ"}},{"arcs":[[3,-1,4,5]],"type":"Polygon","properties":{"PRUID":"24","PRNAME":"Quebec / Québec","CDUID":"2469","CDNAME":"Le Haut-Saint-Laurent","CDTYPE":"MRC","CSDUID":"2469070","CSDNAME":"Saint-Anicet","CSDTYPE":"MÉ"}},{"arcs":[[6,-6,7,8,9,10,11,12],[13],[14],[15]],"type":"Polygon","properties":{"PRUID":"24","PRNAME":"Quebec / Québec","CDUID":"2469","CDNAME":"Le Haut-Saint-Laurent","CDTYPE":"MRC","CSDUID":"2469075","CSDNAME":"Dundee","CSDTYPE":"CT"}},{"arcs":[[[-10,16]],[[-12,17]],[[-16]],[[-15]],[[-14]]],"type":"MultiPolygon","properties":{"PRUID":"24","PRNAME":"Quebec / Québec","CDUID":"2469","CDNAME":"Le Haut-Saint-Laurent","CDTYPE":"MRC","CSDUID":"2469802","CSDNAME":"Akwesasne","CSDTYPE":"IRI"}},{"arcs":[[18,19,20]],"type":"Polygon","properties":{"PRUID":"24","PRNAME":"Quebec / Québec","CDUID":"2469","CDNAME":"Le Haut-Saint-Laurent","CDTYPE":"MRC","CSDUID":"2469005","CSDNAME":"Havelock","CSDTYPE":"CT"}},{"arcs":[[-19,21,22,23,24,25]],"type":"Polygon","properties":{"PRUID":"24","PRNAME":"Quebec / Québec","CDUID":"2469","CDNAME":"Le Haut-Saint-Laurent","CDTYPE":"MRC","CSDUID":"2469010","CSDNAME":"Franklin","CSDTYPE":"MÉ"}},{"arcs":[[26,-20,-26,27,28]],"type":"Polygon","properties":{"PRUID":"24","PRNAME":"Quebec / Québec","CDUID":"2469","CDNAME":"Le Haut-Saint-Laurent","CDTYPE":"MRC","CSDUID":"2469017","CSDNAME":"Saint-Chrysostome","CSDTYPE":"MÉ"}},{"arcs":[[29]],"type":"Polygon","properties":{"PRUID":"24","PRNAME":"Quebec / Québec","CDUID":"2469","CDNAME":"Le Haut-Saint-Laurent","CDTYPE":"MRC","CSDUID":"2469025","CSDNAME":"Howick","CSDTYPE":"MÉ"}},{"arcs":[[30,-28,-25,31,32],[-30]],"type":"Polygon","properties":{"PRUID":"24","PRNAME":"Quebec / Québec","CDUID":"2469","CDNAME":"Le Haut-Saint-Laurent","CDTYPE":"MRC","CSDUID":"2469030","CSDNAME":"Très-Saint-Sacrement","CSDTYPE":"PE"}},{"arcs":[[33,-32,-24,34,35,36]],"type":"Polygon","properties":{"PRUID":"24","PRNAME":"Quebec / Québec","CDUID":"2469","CDNAME":"Le Haut-Saint-Laurent","CDTYPE":"MRC","CSDUID":"2469037","CSDNAME":"Ormstown","CSDTYPE":"MÉ"}},{"arcs":[[-23,37,38,39,40,41,-35]],"type":"Polygon","properties":{"PRUID":"24","PRNAME":"Quebec / Québec","CDUID":"2469","CDNAME":"Le Haut-Saint-Laurent","CDTYPE":"MRC","CSDUID":"2469045","CSDNAME":"Hinchinbrooke","CSDTYPE":"MÉ"}},{"arcs":[[-39,42,43]],"type":"Polygon","properties":{"PRUID":"24","PRNAME":"Quebec / Québec","CDUID":"2469","CDNAME":"Le Haut-Saint-Laurent","CDTYPE":"MRC","CSDUID":"2469050","CSDNAME":"Elgin","CSDTYPE":"MÉ"}},{"arcs":[[-41,44]],"type":"Polygon","properties":{"PRUID":"24","PRNAME":"Quebec / Québec","CDUID":"2469","CDNAME":"Le Haut-Saint-Laurent","CDTYPE":"MRC","CSDUID":"2469055","CSDNAME":"Huntingdon","CSDTYPE":"V"}},{"arcs":[[-3,45,-36,-42,-45,-40,-44,46,-8,-5]],"type":"Polygon","properties":{"PRUID":"24","PRNAME":"Quebec / Québec","CDUID":"2469","CDNAME":"Le Haut-Saint-Laurent","CDTYPE":"MRC","CSDUID":"2469060","CSDNAME":"Godmanchester","CSDTYPE":"CT"}}]}}}