{"type":"Topology","arcs":[[[2721,1367],[14,-17],[-3,-43],[-7,-18],[-2,-61],[-12,-8],[-26,16],[-22,-31],[28,-16],[-9,-14],[-20,-6],[-25,-51],[-3,-27],[4,-44],[-5,-57],[-21,-15],[-35,-7],[-24,-13],[-33,25],[-22,36],[-17,-5],[-28,-41],[7,-36],[-23,-12],[-17,8],[-46,1],[-12,23],[-29,12],[-21,20]],[[2312,986],[28,-13],[23,37],[-18,11],[27,38],[-83,-26],[-1,-19],[-64,42],[-14,-23]],[[2210,1033],[-35,22],[-98,69],[-137,92],[25,40],[-4,4]],[[1961,1260],[101,145],[24,36],[116,166],[54,74]],[[2256,1681],[196,-133],[72,-52],[197,-129]],[[1636,1777],[7,11],[-29,19],[22,7],[2,18],[22,30],[21,-14]],[[1681,1848],[38,14],[-5,-22],[23,-17],[14,14],[20,-13],[-11,-15],[27,-17],[-27,-38],[-16,-10],[-22,27],[-18,-15],[-1,-13],[-29,-1],[-11,17],[-27,18]],[[1048,18],[-13,-18],[-57,77],[-41,55],[-104,147],[-136,188]],[[697,467],[25,38],[51,86],[69,97],[14,-12],[34,44],[263,370],[24,32]],[[1177,1122],[95,-64],[163,-114],[106,-67]],[[1541,877],[45,-31],[-14,-4],[-16,11],[-20,-25],[43,-28],[13,18],[33,-21],[9,2]],[[1634,799],[-22,-31],[133,-93],[27,-28],[99,-68]],[[1871,579],[-4,-33],[-12,-13],[-1,-20],[9,-34],[-11,-37],[-11,-103],[-24,-75],[-14,-28],[-35,-52],[-37,-38],[-15,-26],[-18,-13],[-86,60],[-100,63],[-73,50],[-14,4],[-20,20],[-93,63],[-41,-56],[-171,-220],[-52,-73]],[[2295,979],[-11,-17],[13,-9],[-22,-28],[-33,22],[-26,-26],[4,63]],[[2220,984],[-10,7],[0,42]],[[2312,986],[-17,-7]],[[2220,984],[-19,-3],[-18,-13],[-16,20],[-32,-44],[-28,1],[-18,-63],[-34,-36],[-7,-24],[-17,-12],[-49,-67],[-45,-32],[-24,-32],[-27,-26],[-13,-38],[-2,-36]],[[1634,799],[48,-33],[21,28],[-46,38],[35,49],[-9,7],[-24,-12],[-20,14],[24,34],[-38,26],[-36,-49],[-22,13],[-26,-37]],[[1177,1122],[42,59],[68,91],[119,169],[96,133]],[[1502,1574],[7,9]],[[1509,1583],[118,-91],[80,-55],[48,-31],[71,-52],[135,-94]],[[1509,1583],[127,194]],[[1681,1848],[71,104],[63,86]],[[1815,2038],[33,-22],[392,-269],[40,-29],[-24,-37]],[[1502,1574],[-91,55],[-90,58],[-108,73],[-9,3],[-178,121],[-124,80],[-96,64],[-227,146],[-27,19]],[[552,2193],[48,61],[113,165],[75,124],[51,78],[23,38],[38,-32],[216,-138],[169,-106],[53,-36],[8,10],[65,-43],[153,-109],[251,-167]],[[697,467],[-104,138],[-108,147],[-34,44],[-149,205],[-31,52],[-26,22],[-52,71],[-45,45],[-60,98],[-88,121],[227,326],[124,182],[35,56],[66,90],[65,90],[35,39]]],"transform":{"scale":[28.965766618579245,29.89111762256141],"translate":[7395972.98451378,1097106.6497500867]},"objects":{"lcsd000a25a_e":{"type":"GeometryCollection","geometries":[{"arcs":[[0,1,2,3,4]],"type":"Polygon","properties":{"PRUID":"35","PRNAME":"Ontario","CDUID":"3509","CDNAME":"Lanark","CDTYPE":"CTY","CSDUID":"3509001","CSDNAME":"Montague","CSDTYPE":"TP"}},{"arcs":[[5,6]],"type":"Polygon","properties":{"PRUID":"35","PRNAME":"Ontario","CDUID":"3509","CDNAME":"Lanark","CDTYPE":"CTY","CSDUID":"3509028","CSDNAME":"Carleton Place","CSDTYPE":"T"}},{"arcs":[[7,8,9,10,11,12]],"type":"Polygon","properties":{"PRUID":"35","PRNAME":"Ontario","CDUID":"3509","CDNAME":"Lanark","CDTYPE":"CTY","CSDUID":"3509015","CSDNAME":"Tay Valley","CSDTYPE":"TP"}},{"arcs":[[13,14,-2,15]],"type":"Polygon","properties":{"PRUID":"35","PRNAME":"Ontario","CDUID":"3509","CDNAME":"Lanark","CDTYPE":"CTY","CSDUID":"3509004","CSDNAME":"Smiths Falls","CSDTYPE":"T"}},{"arcs":[[16,-12,17,-10,18,19,20,-3,-15]],"type":"Polygon","properties":{"PRUID":"35","PRNAME":"Ontario","CDUID":"3509","CDNAME":"Lanark","CDTYPE":"CTY","CSDUID":"3509010","CSDNAME":"Drummond/North Elmsley","CSDTYPE":"TP"}},{"arcs":[[-11,-18]],"type":"Polygon","properties":{"PRUID":"35","PRNAME":"Ontario","CDUID":"3509","CDNAME":"Lanark","CDTYPE":"CTY","CSDUID":"3509021","CSDNAME":"Perth","CSDTYPE":"T"}},{"arcs":[[-4,-21,21,-7,22,23]],"type":"Polygon","properties":{"PRUID":"35","PRNAME":"Ontario","CDUID":"3509","CDNAME":"Lanark","CDTYPE":"CTY","CSDUID":"3509024","CSDNAME":"Beckwith","CSDTYPE":"TP"}},{"arcs":[[-6,-22,-20,24,25,-23]],"type":"Polygon","properties":{"PRUID":"35","PRNAME":"Ontario","CDUID":"3509","CDNAME":"Lanark","CDTYPE":"CTY","CSDUID":"3509030","CSDNAME":"Mississippi Mills","CSDTYPE":"T"}},{"arcs":[[26,-25,-19,-9]],"type":"Polygon","properties":{"PRUID":"35","PRNAME":"Ontario","CDUID":"3509","CDNAME":"Lanark","CDTYPE":"CTY","CSDUID":"3509039","CSDNAME":"Lanark Highlands","CSDTYPE":"TP"}}]}}}