{"type":"Topology","arcs":[[[1047,2964],[17,-23],[8,-29],[36,-5],[-4,-27],[-41,6],[-3,-14],[-41,6],[-5,-27],[-27,4],[4,27],[-30,4],[28,40],[1,10],[37,-1],[20,29]],[[2157,3529],[159,-21],[-26,-205],[-16,-113]],[[2274,3190],[-27,-175],[-21,-162],[-89,-612]],[[2137,2241],[-56,7],[-278,32],[-165,23],[-111,14],[-324,45]],[[1203,2362],[-119,17],[146,956],[-44,8],[8,51],[44,-6],[40,264]],[[1278,3652],[325,-46],[554,-77]],[[2198,4195],[8,-36],[36,-41],[-19,-121],[-66,-468]],[[1278,3652],[-6,1]],[[1272,3653],[8,54],[110,-16],[8,53],[55,-8],[25,159],[55,-7],[48,318],[32,-5]],[[1613,4201],[23,-4],[5,34]],[[1641,4231],[19,125],[-28,4],[8,53],[28,-4],[56,371],[-55,8],[8,53],[-66,9],[8,52],[-55,8],[36,237],[-55,8],[13,81]],[[1558,5236],[165,-26],[49,318],[385,-52],[-34,-224],[-60,-413],[388,-52],[-18,-109],[-54,-34],[-62,-45],[-39,-46],[3,-28],[-77,-63],[-23,-46],[4,-33],[-6,-24],[19,-15],[-2,-28],[8,-10],[-23,3],[-35,-39]],[[2146,4270],[6,44],[-28,4],[-4,-27],[-26,4],[-12,-79],[27,-4],[4,27],[14,-2]],[[2127,4237],[-1,-32],[72,-10]],[[2146,4270],[-17,-18],[-2,-15]],[[1613,4201],[20,57],[8,-27]],[[1203,2362],[-48,-319],[-330,47],[-30,-185],[-37,-239],[-7,-54],[-25,-159],[-552,81],[-109,16]],[[65,1550],[101,636],[50,320],[-73,11],[32,196],[32,207],[46,286],[38,238],[10,75],[45,270]],[[346,3789],[211,-32],[557,-82],[158,-22]],[[1940,0],[-662,91],[47,320],[-662,93],[97,629],[-330,48],[-32,-204],[-68,9],[1,6],[-278,40],[-53,6],[51,323],[-16,3],[30,186]],[[2137,2241],[66,-9],[-45,-312],[166,-21],[-39,-265],[-30,-213],[-56,7],[-8,-52],[-55,6],[-8,-53],[111,-14],[-7,-53]],[[2232,1262],[-166,22],[-46,-320],[59,-7],[-77,-532],[-17,-111],[-45,-314]],[[482,5555],[109,-17],[-8,-53],[220,-33],[8,54],[221,-34],[7,53],[276,-39],[-8,-53],[110,-15],[-24,-158],[165,-24]],[[346,3789],[-66,10],[203,1269],[-78,11],[77,476]],[[3063,1152],[-168,21],[-663,89]],[[2274,3190],[330,-46],[-95,-636],[6,0],[332,-42],[-23,-163],[501,-64],[-4,-29],[12,-4],[131,-17],[-8,-26],[-6,-16],[-7,-77],[150,-20],[28,-12],[-12,-11],[-12,-31],[-18,-14],[-24,-61],[-9,-41],[5,-25],[-26,-18],[5,-32],[-5,-40],[26,-29],[17,-10],[-1,-28],[9,-5],[-11,-38],[2,-41],[33,-9],[2,-31],[14,-36],[-14,-45],[13,-15],[-13,-47],[8,-42],[25,4],[-11,-29],[-11,-46],[12,-25],[31,-14],[-11,-23],[8,-11],[22,6],[4,-21],[-19,-23],[-1,-23],[-20,-30],[-1,-22],[39,-1],[-13,-33],[5,-23],[-109,13],[-17,5],[-480,59]]],"transform":{"scale":[28.965766618579128,29.891117622561392],"translate":[5535878.349568486,1732830.9393467223]},"objects":{"lcsd000a25a_e":{"type":"GeometryCollection","geometries":[{"arcs":[[0]],"type":"Polygon","properties":{"PRUID":"46","PRNAME":"Manitoba","CDUID":"4620","CDNAME":"Division No. 20","CDTYPE":"CDR","CSDUID":"4620048","CSDNAME":"Swan River","CSDTYPE":"T"}},{"arcs":[[1,2,3,4,5]],"type":"Polygon","properties":{"PRUID":"46","PRNAME":"Manitoba","CDUID":"4620","CDNAME":"Division No. 20","CDTYPE":"CDR","CSDUID":"4620051","CSDNAME":"Minitonas-Bowsman","CSDTYPE":"MU"}},{"arcs":[[6,-6,7,8,9,10,11,12,13]],"type":"Polygon","properties":{"PRUID":"46","PRNAME":"Manitoba","CDUID":"4620","CDNAME":"Division No. 20","CDTYPE":"CDR","CSDUID":"4620055","CSDNAME":"Mountain (North)","CSDTYPE":"RM"}},{"arcs":[[-13,14]],"type":"Polygon","properties":{"PRUID":"46","PRNAME":"Manitoba","CDUID":"4620","CDNAME":"Division No. 20","CDTYPE":"CDR","CSDUID":"4620056","CSDNAME":"Mistasini Wapnohk","CSDTYPE":"IRI"}},{"arcs":[[-10,15]],"type":"Polygon","properties":{"PRUID":"46","PRNAME":"Manitoba","CDUID":"4620","CDNAME":"Division No. 20","CDTYPE":"CDR","CSDUID":"4620060","CSDNAME":"Wuskwi Sipihk First Nation 2","CSDTYPE":"IRI"}},{"arcs":[[-5,16,17,18,-8],[-1]],"type":"Polygon","properties":{"PRUID":"46","PRNAME":"Manitoba","CDUID":"4620","CDNAME":"Division No. 20","CDTYPE":"CDR","CSDUID":"4620042","CSDNAME":"Swan Valley West","CSDTYPE":"MU"}},{"arcs":[[19,-17,-4,20,21]],"type":"Polygon","properties":{"PRUID":"46","PRNAME":"Manitoba","CDUID":"4620","CDNAME":"Division No. 20","CDTYPE":"CDR","CSDUID":"4620066","CSDNAME":"Division No. 20, Unorganized, South Part","CSDTYPE":"NO"}},{"arcs":[[22,-11,-16,-9,-19,23]],"type":"Polygon","properties":{"PRUID":"46","PRNAME":"Manitoba","CDUID":"4620","CDNAME":"Division No. 20","CDTYPE":"CDR","CSDUID":"4620069","CSDNAME":"Division No. 20, Unorganized, North Part","CSDTYPE":"NO"}},{"arcs":[[24,-21,-3,25]],"type":"Polygon","properties":{"PRUID":"46","PRNAME":"Manitoba","CDUID":"4620","CDNAME":"Division No. 20","CDTYPE":"CDR","CSDUID":"4620032","CSDNAME":"Mountain (South)","CSDTYPE":"RM"}}]}}}