{"type":"Topology","arcs":[[[3839,282],[45,110],[27,53],[20,66],[0,10],[30,21],[1,33],[-25,11],[-56,-25],[-3,10],[-37,7],[-40,-9],[2,24],[-30,25],[-17,8],[-14,20],[-11,-16],[-21,-2],[-36,12],[-22,-12],[4,-15],[-15,-29],[-18,-18],[27,-16],[-18,-22],[15,-22],[4,-25],[42,-18],[-20,-40],[21,-33],[-47,2],[-28,5],[-13,-10],[-64,-2],[-35,19],[-45,-2],[-25,43],[42,27],[24,2],[43,20],[34,3],[-9,35],[-14,11],[-35,-11],[-21,9],[-36,-6],[-36,3],[-22,-10],[-23,-1],[-22,10],[-101,-215]],[[3261,322],[6,890],[-715,262],[174,397],[-1611,560],[-431,421],[-684,760],[678,1235],[529,-177],[85,24],[55,59],[54,88],[49,82],[742,-265],[859,2379],[-300,1029],[-413,150],[146,793],[511,-86],[154,47],[40,78],[65,142],[16,94],[-16,47],[-32,16],[105,102],[414,71],[-89,-967],[89,-793],[251,-668],[2132,-644],[105,298],[73,95],[519,-87],[227,-157],[-114,-267],[-267,133],[-471,-1147],[406,-770],[1240,-47],[65,94],[81,110],[25,24],[405,-181],[552,157],[-49,63],[16,55],[73,-8],[16,-55],[276,126],[243,149],[268,87],[405,141],[211,63],[162,-55],[170,-86],[657,-527],[-267,-479],[-2530,-558],[-738,157],[-1370,-1799],[48,-24],[-389,-722],[-57,39],[-81,-71],[41,-39],[-203,-87],[-202,8],[-267,173],[-1046,-1029],[-389,39],[-86,18],[-43,0]],[[3583,5834],[-9,-12],[1,-36],[-13,-14],[6,-16],[-15,-19],[-10,-26],[34,-26],[16,-3],[21,-19],[-3,-27],[-12,-14],[-38,-10],[-51,4],[-6,12],[-24,-13],[-12,12],[-19,-14],[16,-19],[24,-16],[20,7],[22,-10],[27,19],[9,-19],[54,5],[13,16],[32,19],[22,47],[-50,-9],[8,26],[-34,20],[19,15],[20,3],[28,-8],[20,9],[21,-6],[4,25],[10,7],[-7,30],[-56,30],[-22,-2],[-25,8],[-8,14],[-33,10]],[[8290,4152],[-31,-25],[-14,15],[-17,-22],[-36,0],[-10,-7],[-13,-40],[13,-2],[22,17],[44,-7],[39,8],[17,-4],[-1,-18],[23,-32],[18,-4],[66,12],[16,-14],[29,12],[57,-23],[0,-37],[18,-16],[25,-1],[-1,15],[15,18],[20,1],[40,-11],[15,39],[23,12],[-3,10],[-28,3],[-17,-8],[-36,-2],[-16,15],[-61,23],[-4,15],[-19,17],[-25,-9],[-27,6],[-24,18],[-54,10],[-31,16],[-32,0]],[[2186,2490],[-20,-24],[-5,-21],[18,-4],[11,-48],[-9,-43],[-11,-9],[19,-43],[-4,-16],[28,-63],[12,3],[21,-19],[15,36],[22,-9],[10,-16],[28,36],[20,-11],[10,16],[24,-11],[25,61],[65,-27],[12,28],[156,-63],[36,83],[-181,74],[-21,-10],[-14,-29],[-31,-5],[-13,9],[-8,24],[11,25],[-222,91],[-4,-15]],[[3839,282],[-15,-40],[-27,-4],[-6,-29],[-20,-1],[-311,-182],[-210,17],[-10,-31],[-39,-12],[-36,52],[96,270]]],"transform":{"scale":[28.968303469745585,29.891117622561367],"translate":[4927539.319045087,3148235.141010249]},"objects":{"lcsd000a25a_e":{"type":"GeometryCollection","geometries":[{"arcs":[[0,1],[2],[3],[4]],"type":"Polygon","properties":{"PRUID":"61","PRNAME":"Northwest Territories / Territoires du Nord-Ouest","CDUID":"6103","CDNAME":"Region 3","CDTYPE":"REG","CSDUID":"6103097","CSDNAME":"Region 3, Unorganized","CSDTYPE":"NO"}},{"arcs":[[-1,5]],"type":"Polygon","properties":{"PRUID":"61","PRNAME":"Northwest Territories / Territoires du Nord-Ouest","CDUID":"6103","CDNAME":"Region 3","CDTYPE":"REG","CSDUID":"6103031","CSDNAME":"Behchokò","CSDTYPE":"CG"}},{"arcs":[[-5]],"type":"Polygon","properties":{"PRUID":"61","PRNAME":"Northwest Territories / Territoires du Nord-Ouest","CDUID":"6103","CDNAME":"Region 3","CDTYPE":"REG","CSDUID":"6103034","CSDNAME":"Whatì","CSDTYPE":"CG"}},{"arcs":[[-3]],"type":"Polygon","properties":{"PRUID":"61","PRNAME":"Northwest Territories / Territoires du Nord-Ouest","CDUID":"6103","CDNAME":"Region 3","CDTYPE":"REG","CSDUID":"6103049","CSDNAME":"Gamètì","CSDTYPE":"CG"}},{"arcs":[[-4]],"type":"Polygon","properties":{"PRUID":"61","PRNAME":"Northwest Territories / Territoires du Nord-Ouest","CDUID":"6103","CDNAME":"Region 3","CDTYPE":"REG","CSDUID":"6103052","CSDNAME":"Wekweètì","CSDTYPE":"CG"}}]}}}